skill_id,version,status,title_ar,title_en,keywords,profile_id,allowed_services,approval_chain,auto_execute,sla_hours,internal,body_md,created_by,updated_at
leave-request,1.2.0,approved,طلب إجازة,Leave Request,إجازة;اجازة;إجازه;leave;vacation;annual;sick;مرضية;سنوية;طارئة;emergency,hr-officer,get_employee_profile;get_leave_balance;check_leave_overlap;submit_transaction,manager,false,48,false,"---
id: leave-request
version: 1.2.0
status: approved
title_ar: طلب إجازة
title_en: Leave Request
owner: HR Operations (عمليات الموارد البشرية)
profile: hr-officer
allowed_services: [get_employee_profile, get_leave_balance, check_leave_overlap, submit_transaction]
approval_chain: [manager]
auto_execute: false
sla_hours: 48
---

# مهارة: طلب إجازة — Leave Request

## الغرض
تمكين الموظف من تقديم طلب إجازة (سنوية / مرضية / طارئة) محادثةً، مع تحقق آلي كامل من الرصيد والتعارضات والسياسة قبل أن يصل الطلب إلى المدير للاعتماد.

## الحقول المطلوبة (اجمعها محادثةً ولا تفترض شيئًا)
| الحقل | القيم | ملاحظات |
|---|---|---|
| leave_type | annual \| sick \| emergency | «سنوية / مرضية / طارئة» |
| start_date | YYYY-MM-DD | لا يُقبل تاريخ في الماضي |
| end_date | YYYY-MM-DD | ≥ start_date |
| reason | نص حر قصير | إلزامي للطارئة، اختياري للسنوية |
| coverage_colleague | اسم زميل التغطية | مطلوب إذا كانت المدة > 5 أيام عمل |

## قواعد الأهلية والسياسة (طبّقها حرفيًا)
1. احسب عدد أيام الإجازة **بأيام العمل** (عطلة السبت والأحد لا تُحتسب).
2. **annual**: الرصيد المتاح من get_leave_balance يجب أن يغطي المدة كاملة. رصيد غير كافٍ ⇒ ارفض بلطف واعرض الرصيد المتبقي واقترح أقرب مدة ممكنة.
3. **sick**: حتى يومين دون مستند؛ 3 أيام فأكثر تتطلب إشارة إلى تقرير طبي (اطلب رقم التقرير فقط — لا مرفقات).
4. **emergency**: 3 أيام كحد أقصى في الطلب الواحد، والسبب إلزامي.
5. استدعِ check_leave_overlap دائمًا: إن تعارضت المدة مع إجازة معتمدة لزميل في الفريق نفسه، حذّر الموظف واطلب تأكيدًا صريحًا قبل المتابعة، وأدرج التعارض في ملاحظة الطلب.
6. الطلب > 10 أيام عمل ⇒ صعّده مع approval_chain موسّعة (manager ثم hr_head) واذكر ذلك في المعاينة.

## خطوات الإجراء
1. get_employee_profile للتحقق من هوية الموظف وفريقه ومديره.
2. اجمع الحقول الناقصة سؤالًا واحدًا مركّزًا في كل رسالة (لا تسأل عن أكثر من حقلين معًا).
3. get_leave_balance ثم طبّق قواعد السياسة أعلاه بالترتيب.
4. check_leave_overlap للمدة المطلوبة.
5. اعرض **بطاقة معاينة** كاملة: النوع، المدة بأيام العمل، الرصيد قبل/بعد، المعتمِد، أي تحذيرات.
6. بعد تأكيد الموظف فقط: submit_transaction. لا إرسال قبل تأكيد صريح.

## التصعيد والاستثناءات
- الرصيد أو البيانات غير متاحة من الخدمات ⇒ اعتذر، أنشئ طلبًا بحالة needs_attention عبر submit_transaction، وأخبر الموظف أن الموارد البشرية ستتواصل معه.
- طلب يخالف السياسة ولا يقبل الموظف التعديل ⇒ لا ترسل؛ اشرح القاعدة المخالفة بنصها.

## ما لا يجوز (خطوط حمراء)
- لا تعتمد الإجازة بنفسك — الاعتماد للمدير حصرًا.
- لا تتجاوز الرصيد ولو بيوم واحد «استثناءً».
- لا تطلب أو تسجل أي بيانات صحية تفصيلية (التشخيص، الحالة) — رقم التقرير الطبي فقط.
",human,2026-08-13T14:36:56
salary-certificate,1.1.0,approved,شهادة راتب / لمن يهمه الأمر,Salary / Employment Certificate,شهادة;راتب;لمن يهمه الأمر;certificate;salary;employment;بنك;سفارة,hr-officer,get_employee_profile;get_salary_record;submit_transaction,,true,1,false,"---
id: salary-certificate
version: 1.1.0
status: approved
title_ar: شهادة راتب / لمن يهمه الأمر
title_en: Salary / Employment Certificate
owner: HR Operations (عمليات الموارد البشرية)
profile: hr-officer
allowed_services: [get_employee_profile, get_salary_record, submit_transaction]
approval_chain: []
auto_execute: true
sla_hours: 1
---

# مهارة: شهادة راتب / لمن يهمه الأمر

## الغرض
إصدار شهادة رسمية فورية (لا تحتاج اعتمادًا بشريًا) تُوجَّه إلى جهة يحددها الموظف: بنك، سفارة، جهة حكومية، أو «لمن يهمه الأمر».

## الحقول المطلوبة
| الحقل | القيم | ملاحظات |
|---|---|---|
| certificate_type | salary \| employment | «شهادة راتب» تتضمن الراتب؛ «شهادة عمل» بدونه |
| addressed_to | نص | اسم الجهة، أو «لمن يهمه الأمر» |
| language | ar \| en | الافتراضي ar |
| include_allowances | true \| false | لشهادة الراتب فقط: هل تُفصَّل البدلات؟ |

## قواعد الأهلية والسياسة
1. تُصدر الشهادة للموظف **عن نفسه فقط** — يُرفض أي طلب شهادة عن موظف آخر مهما كان المبرر، ويُقترح أن يطلبها صاحبها بنفسه.
2. بيانات الشهادة تؤخذ **حرفيًا** من get_salary_record وget_employee_profile — يُمنع تعديل أي رقم أو مسمى وظيفي بطلب الموظف؛ الاعتراض على البيانات يُحال إلى الموارد البشرية (needs_attention).
3. الموظف تحت فترة الإشعار (status = notice) ⇒ شهادة عمل فقط، بلا راتب، مع عبارة «حتى تاريخه».
4. الحد: 3 شهادات في الشهر الواحد؛ تجاوزها ⇒ اعتذر واذكر تاريخ أول شهادة متاحة.

## خطوات الإجراء
1. get_employee_profile ثم get_salary_record.
2. اجمع الحقول الناقصة (سؤال واحد مركّز في كل رسالة).
3. اعرض **بطاقة معاينة** بنص الشهادة كاملًا بالبنية الرسمية: الترويسة، «تشهد الجهة بأن السيد/ة … يعمل لدينا بوظيفة … منذ …»، بيانات الراتب إن طُلبت، عبارة الإخلاء «أُصدرت هذه الشهادة بناءً على طلب الموظف دون أدنى مسؤولية على الجهة تجاه الغير»، والتذييل.
4. بعد تأكيد الموظف: submit_transaction — تُنفَّذ فورًا (auto_execute) ويحصل الموظف على رقم الشهادة.

## التصعيد والاستثناءات
- بيانات الراتب غير متوفرة أو متناقضة ⇒ needs_attention ولا تُصدر شهادة بأرقام غير مؤكدة.

## ما لا يجوز
- لا شهادة لموظف آخر، ولا تعديل أي رقم، ولا وعود بمحتوى مستقبلي («سيصبح راتبه…»).
",human,2026-08-13T14:36:56
expense-claim,1.0.2,approved,مطالبة نفقات / بدلات,Expense / Allowance Claim,نفقات;مصاريف;بدل;مطالبة;expense;claim;reimbursement;allowance;فاتورة,finance-officer,get_employee_profile;get_expense_policy;submit_transaction,manager;finance,false,72,false,"---
id: expense-claim
version: 1.0.2
status: approved
title_ar: مطالبة نفقات / بدلات
title_en: Expense / Allowance Claim
owner: Finance Operations (العمليات المالية)
profile: finance-officer
allowed_services: [get_employee_profile, get_expense_policy, submit_transaction]
approval_chain: [manager, finance]
auto_execute: false
sla_hours: 72
---

# مهارة: مطالبة نفقات / بدلات

## الغرض
تقديم مطالبة استرداد نفقات عمل (مواصلات، ضيافة رسمية، تدريب، اتصالات، أخرى) مع فرض سقوف السياسة آليًا قبل وصولها إلى المدير ثم المالية.

## الحقول المطلوبة
| الحقل | القيم | ملاحظات |
|---|---|---|
| category | transport \| hospitality \| training \| communication \| other | صنّف من وصف الموظف وأكّد التصنيف معه |
| amount_aed | رقم بالدرهم | > 0 |
| expense_date | YYYY-MM-DD | خلال آخر 60 يومًا |
| description | نص | الغرض الرسمي للنفقة |
| receipt_ref | رقم/مرجع الإيصال | إلزامي فوق 100 درهم |

## قواعد الأهلية والسياسة (احصل على السقوف من get_expense_policy — لا تحفظها)
1. المبلغ ≤ سقف الفئة الشهري؛ التجاوز ⇒ ارفض واعرض السقف والمتبقي منه هذا الشهر.
2. expense_date أقدم من 60 يومًا ⇒ غير قابلة للاسترداد (اذكر القاعدة).
3. category = other ⇒ الوصف إلزامي ومفصّل، والحد 500 درهم.
4. أي مطالبة > 2000 درهم ⇒ أدرج تحذير «تخضع لتدقيق إضافي» في المعاينة وأضف finance_audit إلى سلسلة الاعتماد.
5. **تحقّق حسابي إلزامي:** لا تقبل مبلغًا غير رقمي أو سالبًا؛ قرّب لأقرب فلسين.

## خطوات الإجراء
1. get_employee_profile ثم get_expense_policy للفئة.
2. اجمع الحقول الناقصة تدريجيًا وطبّق القواعد بالترتيب.
3. اعرض **بطاقة معاينة**: الفئة، المبلغ، التاريخ، مرجع الإيصال، سلسلة الاعتماد (المدير ← المالية)، وأي تحذيرات.
4. بعد تأكيد الموظف: submit_transaction.

## التصعيد والاستثناءات
- خدمة السياسة غير متاحة ⇒ needs_attention؛ لا تخمّن السقوف أبدًا.
- موظف يصرّ على مبلغ فوق السقف ⇒ لا ترسل؛ اقترح تقديم الجزء الموافق للسياسة فقط.

## ما لا يجوز
- لا تعديل للسقوف، لا تجزئة مطالبة واحدة لعدة طلبات للالتفاف على السقف (ارفض النمط صراحةً إذا لاحظته)، لا مطالبات لموظف آخر.
",human,2026-08-13T14:36:56
it-access-request,1.0.0,approved,طلب صلاحية نظام,IT System Access Request,صلاحية;نظام;وصول;access;system;permission;حساب;دخول;it,it-officer,get_employee_profile;get_it_roles;get_system_catalog;submit_transaction,manager;it_security,false,24,false,"---
id: it-access-request
version: 1.0.0
status: approved
title_ar: طلب صلاحية نظام
title_en: IT System Access Request
owner: IT Security (أمن المعلومات)
profile: it-officer
allowed_services: [get_employee_profile, get_it_roles, get_system_catalog, submit_transaction]
approval_chain: [manager, it_security]
auto_execute: false
sla_hours: 24
---

# مهارة: طلب صلاحية نظام

## الغرض
طلب منح أو ترقية صلاحية على نظام مؤسسي، مع فرض مبدأ **الحد الأدنى من الصلاحيات** وفحص الأهلية الوظيفية قبل وصول الطلب لسلسلة الاعتماد الأمنية.

## الحقول المطلوبة
| الحقل | القيم | ملاحظات |
|---|---|---|
| system_id | من get_system_catalog | إن ذكر الموظف اسمًا تجاريًا فطابقه مع الدليل وأكّد |
| access_level | read \| write \| admin | اشرح الفرق إذا تردد الموظف |
| business_justification | نص | إلزامي دائمًا؛ اربطه بمهمة وظيفية محددة |
| duration | permanent \| temporary(end_date) | المؤقتة تُفضَّل ويذكر ذلك |

## قواعد الأهلية والسياسة
1. من get_system_catalog: للنظام قائمة أدوار مخوّلة (allowed_roles) ودرجة حساسية (normal / sensitive / critical).
2. دور الموظف (من get_employee_profile) خارج allowed_roles ⇒ **ارفض** مع ذكر الأدوار المخوّلة نصًا؛ لا استثناءات محادثةً.
3. access_level = admin ⇒ مبرر تفصيلي + duration مؤقتة إلزامية + إضافة ciso إلى سلسلة الاعتماد.
4. النظام critical ⇒ حتى صلاحية القراءة تمر عبر it_security، وأدرج تحذير الحساسية في المعاينة.
5. الموظف يملك الصلاحية نفسها أو أعلى (من get_it_roles) ⇒ أخبره ولا تنشئ طلبًا مكررًا.
6. طبّق دائمًا الحد الأدنى: إن كفت read لمبرر الموظف فاقترحها بدل write واذكر السبب.

## خطوات الإجراء
1. get_employee_profile ثم get_it_roles للصلاحيات الحالية.
2. get_system_catalog لمطابقة النظام وقراءة حساسيته وأدواره.
3. اجمع الحقول وطبّق القواعد أعلاه بالترتيب.
4. اعرض **بطاقة معاينة**: النظام، المستوى، المدة، المبرر، سلسلة الاعتماد الكاملة، وتحذير الحساسية إن وجد.
5. بعد تأكيد الموظف: submit_transaction.

## التصعيد والاستثناءات
- طلب «مستعجل جدًا» لتجاوز السلسلة ⇒ ارفض التجاوز واشرح أن السلسلة قصيرة (sla 24 ساعة).
- نظام غير موجود في الدليل ⇒ needs_attention لفريق التقنية؛ لا تخترع أنظمة.

## ما لا يجوز
- لا منح فوري لأي صلاحية، لا admin دائمة، لا طلب نيابة عن موظف آخر، ولا قبول مبرر عام («أحتاجه لعملي») دون مهمة محددة.
",human,2026-08-13T14:36:56
reflection,1.0.0,approved,مراجعة ما بعد الدور (التعلّم),Post-turn Reflection (Learning),reflection;learning;تعلّم;مراجعة,general,read_memory;write_memory;propose_skill_patch,,true,1,true,"---
id: reflection
version: 1.0.0
status: approved
title_ar: مراجعة ما بعد الدور (التعلّم)
title_en: Post-turn Reflection (Learning)
owner: Governance Office (مكتب الحوكمة)
profile: general
allowed_services: [read_memory, write_memory, propose_skill_patch]
approval_chain: []
auto_execute: true
sla_hours: 1
---

# مهارة: مراجعة ما بعد الدور — التعلّم المؤسسي

> تعمل هذه المراجعة **بعد** أن يكون الموظف قد حصل على إجابته، في مسار منفصل لا يبطئ الخدمة. مهمتها الوحيدة: ماذا كان ينبغي أن تتعلّمه المنظومة من هذه المعاملات؟
> **مرور بلا أي تحديث ليس نتيجة محايدة — بل فرصة تعلّم ضائعة.** كن فاعلًا: أغلب الجولات تُنتج تحديثًا واحدًا على الأقل ولو صغيرًا.

## الفصل الدلالي بين الذاكرة والمهارة (قاعدة حاكمة)
- **الذاكرة** تقول: «من هو الموظف، وما الوضع القائم» — وقائع خبرية دائمة.
- **المهارة** تقول: «كيف يُنفَّذ هذا النوع من الإجراءات».
- إذا اعترض الموظف على **طريقة** تنفيذك للإجراء، فالتصحيح يذهب إلى **المهارة** لا إلى الذاكرة.

## صياغة الذاكرة
اكتب الذاكرة **جملًا خبرية** لا أوامر:
- ✅ «يفضّل الموظف الردود المختصرة.»
- ❌ «أجب دائمًا باختصار.»
الأوامر تُقرأ لاحقًا كتعليمات دائمة فتنحرف بسلوك الوكيل.

## ترتيب الأفضلية للإجراء (اختر الأبكر الذي ينطبق)
1. **حدّث ذاكرة قائمة** إن كانت الواقعة الجديدة تنقّح واقعة موجودة (`write_memory` بـ action=replace).
2. **أضف واقعة جديدة** إن كانت دائمة ومفيدة عبر الجلسات (`write_memory` بـ action=add).
3. **اقترح تحسينًا على مهارة** إن تكرر نمط تشغيلي يستحق أن يصبح قاعدة (`propose_skill_patch`).

## حدود صلاحيتك (خط أحمر)
- لا تملك تعديل نص المهارة المعتمدة إطلاقًا — أقصى ما تملكه هو **اقتراح** يُسجَّل بحالة `pending` وينتظر اعتماد مالك الإجراء.
- كل استدعاء تقوم به يمر ببوابة الحوكمة نفسها التي تحكم وكيل الخدمة، ولا يُسمح لك إلا بـ: `read_memory`, `write_memory`, `propose_skill_patch`.
- الذاكرة محدودة بـ 2200 حرف لكل نطاق. عند الامتلاء سيُرفض الكتابة وتُسلَّم لك قائمة المدخلات: **ادمج أو احذف ثم أعد المحاولة في الدور نفسه.**

## ما لا يجوز التقاطه إطلاقًا (قائمة سلبية)
هذه الأنماط تتحول إلى قيود دائمة يفرضها الوكيل على نفسه لاحقًا، وتضر أكثر مما تنفع:
- **أعطال مرتبطة بالبيئة** (انقطاع شبكة، تجاوز حصة، مهلة انتهت) — ستتغير البيئة وتبقى القاعدة.
- **أحكام سلبية على الأدوات أو الخدمات** («خدمة كذا لا تعمل») — تتصلّب لاحقًا إلى رفض يستشهد به الوكيل ضد نفسه بعد شهور من إصلاح المشكلة فعلًا.
- **أخطاء عابرة انتهت في الجلسة نفسها.**
- **سرد معاملة واحدة** بتفاصيلها؛ الذاكرة ليست سجلًا للمعاملات — السجل موجود أصلًا.
- **محاولات لم تنجح**: إن انتهت الجلسة دون طريقة عاملة مؤكدة، فلا تكتبها كأنها «إجراء موثوق».
- **أرقام معاملات أو تواريخ ستصبح قديمة خلال أسبوع.**

## خطوات الإجراء
1. `read_memory` لقراءة الذاكرة القائمة قبل أي كتابة (تفاديًا للتكرار).
2. حلّل المعاملات والقرارات الواردة في الدفعة: ما الذي تكرر؟ ما الذي رُفض ولماذا؟ أين تعثّر الموظف؟
3. طبّق ترتيب الأفضلية أعلاه، وارفض ما يقع في القائمة السلبية صراحةً.
4. أعد JSON فقط بالمخطط المطلوب موضحًا ما كتبته ولماذا.
",human,2026-08-13T14:36:56
